date,collection
2026-01-31,9539989.06
2026-01-30,9226222.34
2026-01-29,6292555.18
2026-01-28,6453339.22
2026-01-27,6307584.26
2026-01-26,7566723.56
2026-01-25,5687089.1
2026-01-24,6977378.66
2026-01-23,6408797.46
2026-01-22,6178350.08
2026-01-21,6682134.92
2026-01-20,7675626.01
2026-01-19,6481504.11
2026-01-18,4815147.85
2026-01-17,7130057.01
2026-01-16,8321109.79
2026-01-15,9977256.54
2026-01-14,5885313.28
2026-01-13,6049358.36
2026-01-12,6085942.06
2026-01-11,5465987.43
2026-01-10,7540073.87
2026-01-09,5982614.66
2026-01-08,5395588.62
2026-01-07,6428235.27
2026-01-06,7109794.36
2026-01-05,7120700.1
2026-01-04,4639817.43
2026-01-03,5995988.37
2026-01-02,6786229.6
2026-01-01,2406176.8
2025-12-31,5268088.31
2025-12-30,8717718.88
2025-12-29,8368704.96
2025-12-28,5896309.69
2025-12-27,7643092.11
2025-12-26,8746946.52
2025-12-25,3567631.41
2025-12-24,6274453.06
2025-12-23,8626731.99
2025-12-22,7706813.39
2025-12-21,5731351.65
2025-12-20,7667862.53
2025-12-19,7346817.41
2025-12-18,5755244.94
2025-12-17,6879861.94
2025-12-16,8745886.71
2025-12-15,9420921.11
2025-12-14,4637264.81
2025-12-13,5862223.9
2025-12-12,6538247.59
2025-12-11,6824239.88
2025-12-10,6827664.21
2025-12-09,4994634.1
2025-12-08,5166211.86
2025-12-07,4656410.58
2025-12-06,6193282.62
2025-12-05,6796587.74
2025-12-04,4985228.03
2025-12-03,5639224.44
2025-12-02,5986636.65
2025-12-01,7110090.63
2025-11-30,10148328.33
2025-11-29,8208576.89
2025-11-28,9009382.92
2025-11-27,6332122.26
2025-11-26,7406740.46
2025-11-25,8101369.74
2025-11-24,5690932.41
2025-11-23,4323396.52
2025-11-22,6001304.04
2025-11-21,6027589.05
2025-11-20,6856706.28
2025-11-19,5533523.35
2025-11-18,5803455.18
2025-11-17,7885417.87
2025-11-16,5709704.03
2025-11-15,8486612.76
2025-11-14,7203784.45
2025-11-13,5319424.22
2025-11-12,5299953.73
2025-11-11,6602114.03
2025-11-10,6025962.84
2025-11-09,3125832.85
2025-11-08,5196610.11
2025-11-07,5571503.64
2025-11-06,6105657.84
2025-11-05,6343746.58
2025-11-04,5220394.13
2025-11-03,6338495.02
2025-11-02,4194394.62
2025-11-01,3140107.93
2025-10-31,8473304.93
2025-10-30,8953016.23
2025-10-29,5897155.01
2025-10-28,6273230.49
2025-10-27,6162610.77
2025-10-26,4934867.78
2025-10-25,7095056.68
2025-10-24,6280403.96
2025-10-23,5150619.08
2025-10-22,5066206.21
2025-10-21,6444851.87
2025-10-20,7165756.38
2025-10-19,4055547.13
2025-10-18,5036562.5
2025-10-17,6204912.36
2025-10-16,7816269.83
2025-10-15,8977761.15
2025-10-14,5880269.12
2025-10-13,5473224.87
2025-10-12,4241034.81
2025-10-11,6426953.53
2025-10-10,6607089.49
2025-10-09,5056274.39
2025-10-08,4271313.65
2025-10-07,5375062.55
2025-10-06,6049942.02
2025-10-05,4623023.83
2025-10-04,5865557.24
2025-10-03,4843357.16
2025-10-02,6000706.97
2025-10-01,6941249.76
2025-09-30,11545141.13
2025-09-29,6724278.69
2025-09-28,4429907.17
2025-09-27,6004444.12
2025-09-26,6932498.53
2025-09-25,7006569.51
2025-09-24,5102013.82
2025-09-23,4721162.48
2025-09-22,5447229.26
2025-09-21,4249053.69
2025-09-20,5914698.94
2025-09-19,5306448.1
2025-09-18,5036552.69
2025-09-17,5688994.36
2025-09-16,7582194.02
2025-09-15,8208458.5
2025-09-14,4047311.05
2025-09-13,5076774.81
2025-09-12,5616006.51
2025-09-11,5904417.38
2025-09-10,6339511.81
2025-09-09,4419888.95
2025-09-08,5280904.6
2025-09-07,4170503.03
2025-09-06,5151750
2025-09-05,5648149.99
2025-09-04,4535781.11
2025-09-03,4881430.79
2025-09-02,5153356.78
2025-09-01,6201215.31
2025-08-31,6481488.12
2025-08-30,7816303.29
2025-08-29,6929887.49
2025-08-28,5545939.3
2025-08-27,5397828.32
2025-08-26,5692910.59
2025-08-25,5472268.07
2025-08-24,4015526.72
2025-08-23,5375241.58
2025-08-22,5821912.54
2025-08-21,5884266.28
2025-08-20,5410419.64
2025-08-19,4531960.93
2025-08-18,5599658.84
2025-08-17,4676728.72
2025-08-16,7037846.71
2025-08-15,8022920.67
2025-08-14,5704334.84
2025-08-13,4596362.53
2025-08-12,4974343.97
2025-08-11,5629506.32
2025-08-10,4472456.6
2025-08-09,5107097.41
2025-08-08,5048096.19
2025-08-07,4919578.95
2025-08-06,5187534.56
2025-08-05,5419875.24
2025-08-04,5155877.83
2025-08-03,4085555.23
2025-08-02,4703275.46
2025-08-01,5856508.79
2025-07-31,8252103.71
2025-07-30,6961028.37
2025-07-29,5262025.87
2025-07-28,5599322.34
2025-07-27,4062021.57
2025-07-26,6052726
2025-07-25,6456056.27
2025-07-24,4200496.5
2025-07-23,4608456.85
2025-07-22,4692189.22
2025-07-21,5511194.34
2025-07-20,4485346.2
2025-07-19,4725640.26
2025-07-18,4664757.88
2025-07-17,5163303.74
2025-07-16,6372010.92
2025-07-15,7337693.96
2025-07-14,5347283.73
2025-07-13,3734256.11
2025-07-12,4403093.21
2025-07-11,5499707.96
2025-07-10,6070234.35
2025-07-09,4442308.98
2025-07-08,4196557.42
2025-07-07,4943559.85
2025-07-06,4191938.6
2025-07-05,4908024.62
2025-07-04,4635389.61
2025-07-03,4540524.81
2025-07-02,5099514.45
2025-07-01,6591922.22
2025-06-30,10767550
2025-06-29,4371191.44
2025-06-28,6325194.63
2025-06-27,5968014.93
2025-06-26,6339880.64
2025-06-25,6570440.76
2025-06-24,4672266.96
2025-06-23,4911797.96
2025-06-22,3770183.65
2025-06-21,5436977.05
2025-06-20,6281251.28
2025-06-19,4380860.26
2025-06-18,4230606.57
2025-06-17,4934657.29
2025-06-16,6160230.86
2025-06-15,4758510.9
2025-06-14,5631308.94
2025-06-13,5646229.06
2025-06-12,4144134.38
2025-06-11,5685335.97
2025-06-10,5926213.43
2025-06-09,4416757.14
2025-06-08,3241155.01
2025-06-07,3928768.87
2025-06-06,4652164.79
2025-06-05,5107707.75
2025-06-04,4463442.09
2025-06-03,4446547.98
2025-06-02,5000045.36
2025-06-01,4241024.91
2025-05-31,7113437.63
2025-05-30,7561545.38
2025-05-29,4754572.39
2025-05-28,5352654.93
2025-05-27,5304710.08
2025-05-26,6025940.31
2025-05-25,4099764.17
2025-05-24,5110130.7
2025-05-23,5051055.51
2025-05-22,4596954.01
2025-05-21,5642239.57
2025-05-20,5818083.19
2025-05-19,4899913.57
2025-05-18,3828306.51
2025-05-17,5155061.5
2025-05-16,6736078.55
2025-05-15,7499759.06
2025-05-14,5465375.32
2025-05-13,4637547.21
2025-05-12,3113413.16
2025-05-11,4205042.84
2025-05-10,5941256.16
2025-05-09,4874635.02
2025-05-08,4205998.37
2025-05-07,4910257.8
2025-05-06,5355041.29
2025-05-05,5475399.59
2025-05-04,3348697.73
2025-05-03,4156093.31
2025-05-02,5575111.01
2025-05-01,4971055.72
2025-04-30,10255541.46
2025-04-29,5696007.13
2025-04-28,5490960.67
2025-04-27,3819000.11
2025-04-26,5913960.61
2025-04-25,6247399.31
2025-04-24,4215289.95
2025-04-23,4963334.99
2025-04-22,5406414.84
2025-04-21,4478324.37
2025-04-20,3287683.72
2025-04-19,3513265.26
2025-04-18,2304462.47
2025-04-17,5139573.76
2025-04-16,6156859.76
2025-04-15,6052242.42
2025-04-14,4619466.97
2025-04-13,3186769.3
2025-04-12,4388865.49
2025-04-11,5598083.47
2025-04-10,4846816.5
2025-04-09,3425026.81
2025-04-08,4155305.61
2025-04-07,4638786.37
2025-04-06,3995681.69
2025-04-05,4894964.6
2025-04-04,2984582.73
2025-04-03,4113046.17
2025-04-02,4581174.21
2025-04-01,4776649.74
2025-03-31,7182620.12
2025-03-30,4298221.73
2025-03-29,4875695.89
2025-03-28,5829744.04
2025-03-27,5205382.58
2025-03-26,5912366.91
2025-03-25,5407500.09
2025-03-24,4409294.38
2025-03-23,3210186.72
2025-03-22,4301170.94
2025-03-21,5028838.17
2025-03-20,5517861.89
2025-03-19,4017642.68
2025-03-18,4514647.56
2025-03-17,5476375.87
2025-03-16,4494555.26
2025-03-15,6154731.71
2025-03-14,5585592.14
2025-03-13,4314711.92
2025-03-12,4189577.86
2025-03-11,4872248.22
2025-03-10,5547246.4
2025-03-09,3201216.5
2025-03-08,4018808.91
2025-03-07,4513374.52
2025-03-06,4784704.88
2025-03-05,5060744.21
2025-03-04,4203155.42
2025-03-03,5518161.34
2025-03-02,4435834.57
2025-03-01,5662226.33
2025-02-28,12018837.97
2025-02-27,6146965.53
2025-02-26,5742234.43
2025-02-25,5981281.33
2025-02-24,4375873.45
2025-02-23,3343023.17
2025-02-22,4512858.01
2025-02-21,4778363.56
2025-02-20,4954599.1
2025-02-19,4032523.9
2025-02-18,5173748.54
2025-02-17,4879554.05
2025-02-16,4197667.37
2025-02-15,6168694.47
2025-02-14,4926668.62
2025-02-13,3926720.79
2025-02-12,3744014.07
2025-02-11,4669373.89
2025-02-10,5496480.76
2025-02-09,3262689.75
2025-02-08,3673587.25
2025-02-07,3773627.83
2025-02-06,4421521.62
2025-02-05,4616550.37
2025-02-04,4170871.13
2025-02-03,4562083.73
2025-02-02,3689934.97
2025-02-01,4804614.27
2025-01-31,7081473.41
2025-01-30,4988696.39
2025-01-29,3974854.81
2025-01-28,4378222.58
2025-01-27,5122040.55
2025-01-26,3733611.75
2025-01-25,4864827.98
2025-01-24,4019839.4
2025-01-23,3690251.41
2025-01-22,4188476.37
2025-01-21,4593838.46
2025-01-20,5292981.57
2025-01-19,3331767.6
2025-01-18,3855507.03
2025-01-17,4929688.79
2025-01-16,6120575.82
2025-01-15,6357184.97
2025-01-14,4161506.53
2025-01-13,4239027.53
2025-01-12,3135316.05
2025-01-11,4706152.05
2025-01-10,4818775.44
2025-01-09,3529815.2
2025-01-08,3893700.18
2025-01-07,4328233.69
2025-01-06,4993920.64
2025-01-05,3598688.28
2025-01-04,4391779.24
2025-01-03,4527945.38
2025-01-02,4625326.34
2025-01-01,1277734.83
2024-12-31,3607781.07
2024-12-30,5023941.84
2024-12-29,3573326.03
2024-12-28,5513462.69
2024-12-27,5987101.91
2024-12-26,5910778.94
2024-12-25,1737764.95
2024-12-24,4162184.86
2024-12-23,6011021.92
2024-12-22,3698699.6
2024-12-21,5396050.54
2024-12-20,5418418.6
2024-12-19,4073489.76
2024-12-18,4228957.02
2024-12-17,4697949.88
2024-12-16,5432879.56
2024-12-15,4027662.11
2024-12-14,4778376.28
2024-12-13,5058282.6
2024-12-12,4179608.81
2024-12-11,4288258.91
2024-12-10,4770465.92
2024-12-09,3887637.51
2024-12-08,2771101.78
2024-12-07,3535944.25
2024-12-06,4743104.91
2024-12-05,4447694.03
2024-12-04,3678865.79
2024-12-03,4119250.73
2024-12-02,4708226.95
2024-12-01,3706004.1
2024-11-30,7886174.08
2024-11-29,6326152.31
2024-11-28,4596277.63
2024-11-27,4722650.51
2024-11-26,4826009.28
2024-11-25,5357979.53
2024-11-24,2811942.14
2024-11-23,3639492.91
2024-11-22,4528091.76
2024-11-21,3877219.84
2024-11-20,4736603.73
2024-11-19,4020136.01
2024-11-18,4623953.27
2024-11-17,3198914.31
2024-11-16,6000232.28
2024-11-15,6365485.51
2024-11-14,2525476.31
2024-11-13,3715949.15
2024-11-12,3898663.81
2024-11-11,3373398.58
2024-11-10,3446142.35
2024-11-09,4076809.58
2024-11-08,4086070.88
2024-11-07,3767604.32
2024-11-06,4082508.42
2024-11-05,4900291.33
2024-11-04,4214895.33
2024-11-03,3337510.54
2024-11-02,3919243.43
2024-11-01,2418214.18
2024-10-31,6941602.14
2024-10-30,5907044.01
2024-10-29,4249645.75
2024-10-28,4331921.38
2024-10-27,3104110.17
2024-10-26,4504768.59
2024-10-25,5176352.71
2024-10-24,2980842.62
2024-10-23,3591958.59
2024-10-22,4384241.17
2024-10-21,4694961.87
2024-10-20,3447943.56
2024-10-19,3911514.74
2024-10-18,4041685.63
2024-10-17,4318282.48
2024-10-16,5574326.81
2024-10-15,5935908.02
2024-10-14,4235007.17
2024-10-13,2982958.64
2024-10-12,3411684.35
2024-10-11,4602826.35
2024-10-10,4574261.71
2024-10-09,3681308.5
2024-10-08,3772664.44
2024-10-07,4306019.5
2024-10-06,3380147.77
2024-10-05,4271555.56
2024-10-04,3995328.91
2024-10-03,4002662.63
2024-10-02,4585180.13
2024-10-01,5641601.54
2024-09-30,7727580.21
2024-09-29,3303923.69
2024-09-28,4493852.42
2024-09-27,4749871.71
2024-09-26,4738512.96
2024-09-25,4734803.26
2024-09-24,3355422.72
2024-09-23,4034139.92
2024-09-22,3021438.79
2024-09-21,4168054.29
2024-09-20,4623643.35
2024-09-19,3348384.87
2024-09-18,3682253.16
2024-09-17,4415629.64
2024-09-16,5342817.79
2024-09-15,4006343.33
2024-09-14,4175326.19
2024-09-13,4817571.22
2024-09-12,3679717.15
2024-09-11,4370936.02
2024-09-10,4695582.94
2024-09-09,3792281.52
2024-09-08,2922411.77
2024-09-07,3751656.19
2024-09-06,4474815.16
2024-09-05,4328668.28
2024-09-04,3469504.19
2024-09-03,4122707.01
2024-09-02,4351581.76
2024-09-01,3939203.78
2024-08-31,5323004.37
2024-08-30,5057515.33
2024-08-29,4016706.97
2024-08-28,3959480.4
2024-08-27,3948501.12
2024-08-26,3591142.55
2024-08-25,2822201.7
2024-08-24,3614816.81
2024-08-23,3989260.93
2024-08-22,4102083.31
2024-08-21,4549116.07
2024-08-20,4608613.53
2024-08-19,3937986.14
2024-08-18,2845289.24
2024-08-17,4401607.94
2024-08-16,5526759.48
2024-08-15,4904937.22
2024-08-14,3893230.77
2024-08-13,3521221.2
2024-08-12,3856160.32
2024-08-11,3210174.76
2024-08-10,4054088.22
2024-08-09,3662883.08
2024-08-08,3407549.01
2024-08-07,3516445.65
2024-08-06,4221869.56
2024-08-05,4710908.97
2024-08-04,3160237.22
2024-08-03,3667807.51
2024-08-02,4308120.03
2024-08-01,4526755.05
2024-07-31,5672361.11
2024-07-30,4336551.38
2024-07-29,3943468.25
2024-07-28,2860149.02
2024-07-27,4116901.16
2024-07-26,4457818.4
2024-07-25,4095997.79
2024-07-24,3012967.83
2024-07-23,3682138.74
2024-07-22,3953996.43
2024-07-21,3004897.88
2024-07-20,4642521.5
2024-07-19,3408898.43
2024-07-18,3897546.25
2024-07-17,4619731.66
2024-07-16,5110579.65
2024-07-15,4970822.97
2024-07-14,2786732.92
2024-07-13,3119782.17
2024-07-12,3897312
2024-07-11,4107273.64
2024-07-10,4288704.78
2024-07-09,3247689.38
2024-07-08,3630885.52
2024-07-07,2668576.86
2024-07-06,3832629.03
2024-07-05,4168060.68
2024-07-04,3660527.86
2024-07-03,3907732.56
2024-07-02,4462589.38
2024-07-01,5168750.31
2024-06-30,5734198.72
2024-06-29,5048691.7
2024-06-28,5218346.25
2024-06-27,4312842.61
2024-06-26,4263081.46
2024-06-25,4788386.89
2024-06-24,3986159.77
2024-06-23,2869204.21
2024-06-22,3783476.4
2024-06-21,4519315.53
2024-06-20,4733625.48
2024-06-19,3457827.74
2024-06-18,3973112.76
2024-06-17,4028929.96
2024-06-16,3640882.37
2024-06-15,5400395.89
2024-06-14,4334858.04
2024-06-13,3502742.81
2024-06-12,2822152.34
2024-06-11,4295644.58
2024-06-10,4599522.17
2024-06-09,2658160.11
2024-06-08,3319730.27
2024-06-07,3642584.91
2024-06-06,3811743.95
2024-06-05,4198507.33
2024-06-04,3837473
2024-06-03,4262990.84
2024-06-02,3411384.96
2024-06-01,4219590.7
2024-05-31,5139006.3
2024-05-30,4525235.46
2024-05-29,3312395.27
2024-05-28,3819276.09
2024-05-27,4429366.08
2024-05-26,2866361.84
2024-05-25,4319505.24
2024-05-24,3578998.29
2024-05-23,3421520.53
2024-05-22,4023757.21
2024-05-21,4596952.47
2024-05-20,5138776.17
2024-05-19,2688603.34
2024-05-18,3551619.07
2024-05-17,4189937.14
2024-05-16,5592004.39
2024-05-15,5121054.3
2024-05-14,4006716.55
2024-05-13,3656879.86
2024-05-12,2646236.89
2024-05-11,3795206.85
2024-05-10,4553421.45
2024-05-09,3059199.35
2024-05-08,3290697.63
2024-05-07,3797934.63
2024-05-06,4113318.2
2024-05-05,3028369.33
2024-05-04,3767802.48
2024-05-03,4028043.8
2024-05-02,4389749.45
2024-05-01,4120647.69
2024-04-30,6792014.73
2024-04-29,4256585.56
2024-04-28,3043889.94
2024-04-27,3902516.3
2024-04-26,4506217.29
2024-04-25,4418751.43
2024-04-24,3445500
2024-04-23,3668416.81
2024-04-22,4314026.28
2024-04-21,3172129
2024-04-20,4309923.93
2024-04-19,3824003.38
2024-04-18,3602767.19
2024-04-17,4410101.68
2024-04-16,5249393.23
2024-04-15,4978642.34
2024-04-14,2889395.88
2024-04-13,3344947.54
2024-04-12,4011594.8
2024-04-11,3860342.7
2024-04-10,3422663.02
2024-04-09,3069166.51
2024-04-08,4288182.61
2024-04-07,2626178.43
2024-04-06,4039065.48
2024-04-05,4487178.02
2024-04-04,4063797.96
2024-04-03,3483218.17
2024-04-02,3578711.37
2024-04-01,4240141.84
2024-03-31,2899720.68
2024-03-30,3684547.78
2024-03-29,1246226.89
2024-03-28,3357459.59
2024-03-27,5299544.88
2024-03-26,4723004.08
2024-03-25,4796888.22
2024-03-24,2656484.23
2024-03-23,3608861.65
2024-03-22,4193617.94
2024-03-21,4279293.79
2024-03-20,4548485.76
2024-03-19,3875394.26
2024-03-18,4329112.32
2024-03-17,3213274.59
2024-03-16,5051373.18
2024-03-15,4849099.26
2024-03-14,3248766.17
2024-03-13,3153089.31
2024-03-12,3671101.23
2024-03-11,3981968.88
2024-03-10,2933866.33
2024-03-09,3749114.87
2024-03-08,3466931.86
2024-03-07,3516401.04
2024-03-06,3722103.17
2024-03-05,4308716.16
2024-03-04,4230058.99
2024-03-03,3178152.47
2024-03-02,4321245.31
2024-03-01,4161511.53
2024-02-29,8184902.22
2024-02-28,4811804.13
2024-02-27,4429914.63
2024-02-26,4549197.68
2024-02-25,3167137.06
2024-02-24,3487669.1
2024-02-23,3755984.67
2024-02-22,3661384.07
2024-02-21,4239271.23
2024-02-20,4348620.18
2024-02-19,3983679.63
2024-02-18,2799508.49
2024-02-17,3939960.53
2024-02-16,5043611.31
2024-02-15,5274214.45
2024-02-14,3053103.49
2024-02-13,3420993.48
2024-02-12,3613583.06
2024-02-11,2598838.69
2024-02-10,3748412.96
2024-02-09,3419625.69
2024-02-08,3733004.37
2024-02-07,3747517.9
2024-02-06,3916294.38
2024-02-05,3909972.99
2024-02-04,2860324.41
2024-02-03,3170873.32
2024-02-02,3818224.67
2024-02-01,4360017.5
2024-01-31,5177460.85
2024-01-30,4433310.91
2024-01-29,4066073.62
2024-01-28,2627330.92
2024-01-27,3627163.8
2024-01-26,3975619
2024-01-25,3889209.27
2024-01-24,3294495.81
2024-01-23,3389721.47
2024-01-22,3804917.16
2024-01-21,3031713.26
2024-01-20,4111027.21
2024-01-19,3528987.19
2024-01-18,3400090.71
2024-01-17,3957409.15
2024-01-16,5350960.17
2024-01-15,5363107.82
2024-01-14,2648261.86
2024-01-13,3394417.2
2024-01-12,3468879.79
2024-01-11,3956640.59
2024-01-10,3999996.65
2024-01-09,3185402.21
2024-01-08,3759012.33
2024-01-07,2558933.92
2024-01-06,3846719.17
2024-01-05,4100625.8
2024-01-04,3983248.04
2024-01-03,4112347.03
2024-01-02,4283224.43
2024-01-01,1196367.96
2023-12-31,2237046.6
2023-12-30,4533896.45
2023-12-29,4549903.95
2023-12-28,4039672.33
2023-12-27,4073288.12
2023-12-26,4104092.03
2023-12-25,1086957.29
2023-12-24,2681728.07
2023-12-23,4711041.57
2023-12-22,4527325.41
2023-12-21,4193132.73
2023-12-20,4445812.08
2023-12-19,3621946.99
2023-12-18,3926694.4
2023-12-17,3017351.89
2023-12-16,4716083.35
2023-12-15,4674116.88
2023-12-14,3368691.19
2023-12-13,3035285.99
2023-12-12,3580731.97
2023-12-11,3715126.84
2023-12-10,2629259.99
2023-12-09,2987286.52
2023-12-08,3354960.68
2023-12-07,3534170.13
2023-12-06,3361287.62
2023-12-05,3724012.05
2023-12-04,3624878.71
2023-12-03,2937686.38
2023-12-02,3417850.59
2023-12-01,4165049.55
2023-11-30,6994074.21
2023-11-29,3664312.77
2023-11-28,3920869.53
2023-11-27,3512067.05
2023-11-26,2857191.97
2023-11-25,3781561.28
2023-11-24,3723432.66
2023-11-23,2665114.02
2023-11-22,3629770.59
2023-11-21,3883451.43
2023-11-20,4453186.97
2023-11-19,2619736.83
2023-11-18,3465936.12
2023-11-17,3855500.99
2023-11-16,4797673.73
2023-11-15,4995683.74
2023-11-14,3394111.53
2023-11-13,3335729.86
2023-11-12,2556679.11
2023-11-11,3571951.27
2023-11-10,3643908.29
2023-11-09,2891314.02
2023-11-08,3124313.18
2023-11-07,3444637.06
2023-11-06,3668067.3
2023-11-05,2667955.57
2023-11-04,3367260.88
2023-11-03,3887448.27
2023-11-02,3150041.89
2023-11-01,1584171.22
2023-10-31,5249046.33
2023-10-30,2410770.93
2023-10-29,3364848.38
2023-10-28,3914341.71
2023-10-27,4364417.4
2023-10-26,3868061.87
2023-10-25,3995474.08
2023-10-24,3221336.4
2023-10-23,3314901.85
2023-10-22,2667706.8
2023-10-21,3317394.54
2023-10-20,3808632.71
2023-10-19,3143953.33
2023-10-18,3361000.63
2023-10-17,3568754.92
2023-10-16,4628748.69
2023-10-15,3218310.88
2023-10-14,3831115.38
2023-10-13,3399077.56
2023-10-12,3327092.29
2023-10-11,3832375.96
2023-10-10,3812515.37
2023-10-09,2769882.17
2023-10-08,2227402.16
2023-10-07,3005708.69
2023-10-06,3528244.44
2023-10-05,3292918.59
2023-10-04,2998141.03
2023-10-03,3389058.68
2023-10-02,4127942.38
2023-10-01,3317720.29
2023-09-30,6939776.08
2023-09-29,4823455.94
2023-09-28,3857505.91
2023-09-27,3488101.98
2023-09-26,4202609.92
2023-09-25,3901346.29
2023-09-24,2494287.39
2023-09-23,3088083.64
2023-09-22,3293307.6
2023-09-21,3754652.31
2023-09-20,3810638.39
2023-09-19,3326990.18
2023-09-18,3942001.97
2023-09-17,2759747.21
2023-09-16,4447405.14
2023-09-15,5051297.54
2023-09-14,3227011.18
2023-09-13,2956273.24
2023-09-12,3296152.87
2023-09-11,3470972
2023-09-10,2656649.94
2023-09-09,3454907.01
2023-09-08,3127127.64
2023-09-07,2961947.48
2023-09-06,3462170.54
2023-09-05,3708612.81
2023-09-04,2969094.28
2023-09-03,2531750.45
2023-09-02,3542123.75
2023-09-01,4020748.58
2023-08-31,5236735.03
2023-08-30,4009150.75
2023-08-29,3197616.59
2023-08-28,3409273.66
2023-08-27,2593748.46
2023-08-26,3847408.79
2023-08-25,4089320.29
2023-08-24,3063346.29
2023-08-23,3307054.43
2023-08-22,3386349.24
2023-08-21,3500388.31
2023-08-20,2690577.98
2023-08-19,3450130.32
2023-08-18,3663649.45
2023-08-17,3761476.57
2023-08-16,4895782.29
2023-08-15,4512702.31
2023-08-14,3536588.27
2023-08-13,2087114.21
2023-08-12,3163980.6
2023-08-11,3691021.4
2023-08-10,3720706.1
2023-08-09,2903098.26
2023-08-08,3166072.58
2023-08-07,3548387.1
2023-08-06,2533379.99
2023-08-05,3263021.4
2023-08-04,3437602.08
2023-08-03,2984099.64
2023-08-02,3764844.97
2023-08-01,3990216.36
2023-07-31,4975947.3
2023-07-30,3266661.91
2023-07-29,3630108.13
2023-07-28,3880185.65
2023-07-27,3606315.36
2023-07-26,3664898.27
2023-07-25,3609073.25
2023-07-24,3516196.67
2023-07-23,2183169.44
2023-07-22,3158665.51
2023-07-21,3730740.76
2023-07-20,3759109.06
2023-07-19,3415003.71
2023-07-18,3623683.4
2023-07-17,4583962.22
2023-07-16,3342990.74
2023-07-15,4759896.18
2023-07-14,3531937.41
2023-07-13,2956521.85
2023-07-12,3271079.49
2023-07-11,3389293.3
2023-07-10,3961986.33
2023-07-09,2380400.29
2023-07-08,3105377.07
2023-07-07,3471555.48
2023-07-06,3611245.66
2023-07-05,3720501.19
2023-07-04,3500341.39
2023-07-03,4189931.15
2023-07-02,3104569.27
2023-07-01,4387767.65
2023-06-30,6791729.45
2023-06-29,3740337.86
2023-06-28,3639499.46
2023-06-27,4214871.85
2023-06-26,4356421.03
2023-06-25,3167933.68
2023-06-24,3541948.4
2023-06-23,3750442.17
2023-06-22,3795712.43
2023-06-21,4051362.88
2023-06-20,4267973.29
2023-06-19,3979747.08
2023-06-18,2494142.41
2023-06-17,3886664.73
2023-06-16,4949057.41
2023-06-15,5172487.3
2023-06-14,3560431.14
2023-06-13,3353329.48
2023-06-12,2791804.6
2023-06-11,2394271.52
2023-06-10,3613748.31
2023-06-09,3557072.54
2023-06-08,3321423.81
2023-06-07,3202170.98
2023-06-06,3548454.35
2023-06-05,4167274.58
2023-06-04,2653252.51
2023-06-03,3376538.9
2023-06-02,3823930.1
2023-06-01,4276489.61
2023-05-31,5589360.91
2023-05-30,4652336.76
2023-05-29,4059001.72
2023-05-28,2899991.9
2023-05-27,3960709.63
2023-05-26,4673472.3
2023-05-25,4003281.14
2023-05-24,3361831.77
2023-05-23,3791006.22
2023-05-22,4313123.43
2023-05-21,2701369.8
2023-05-20,3867312.16
2023-05-19,3896854
2023-05-18,3839859.86
2023-05-17,4747842.03
2023-05-16,5481474.01
2023-05-15,5045213.27
2023-05-14,2464140.87
2023-05-13,3260634.04
2023-05-12,3836937.48
2023-05-11,3805975.62
2023-05-10,4049344.1
2023-05-09,3242001.82
2023-05-08,3805418.36
2023-05-07,2610128.08
2023-05-06,3673671.25
2023-05-05,3886668.53
2023-05-04,3560570.7
2023-05-03,3891538.22
2023-05-02,4458653.22
2023-05-01,3496198.44
2023-04-30,5183259.22
2023-04-29,5236028.07
2023-04-28,5428948.15
2023-04-27,4234089.84
2023-04-26,4554197.81
2023-04-25,4844455.35
2023-04-24,3798120.68
2023-04-23,2314503.07
2023-04-22,3453313.75
2023-04-21,4009891.35
2023-04-20,4385471.96
2023-04-19,3366176.96
2023-04-18,4066946.31
2023-04-17,4989168.46
2023-04-16,3351422.83
2023-04-15,5288728.65
2023-04-14,4691292.57
2023-04-13,3489117.13
2023-04-12,3621252.35
2023-04-11,4253830.34
2023-04-10,3819600.3
2023-04-09,2173852.55
2023-04-08,2954986.66
2023-04-07,1057108.25
2023-04-06,2626916.44
2023-04-05,4859012.77
2023-04-04,4051748.38
2023-04-03,4245973.36
2023-04-02,3062942.91
2023-04-01,4418786.24
2023-03-31,5799625.79
2023-03-30,4581515.71
2023-03-29,3377920.98
2023-03-28,4521404.4
2023-03-27,4729426.4
2023-03-26,3223983.42
2023-03-25,3732765.5
2023-03-24,4232725.14
2023-03-23,4044746.83
2023-03-22,3164065.5
2023-03-21,3672923.36
2023-03-20,4730100.73
2023-03-19,2534874.9
2023-03-18,3555807.57
2023-03-17,4067895.56
2023-03-16,5184396.11
2023-03-15,5348864.86
2023-03-14,3589335.6
2023-03-13,3774341.79
2023-03-12,2647196.34
2023-03-11,3886594.93
2023-03-10,4056846.59
2023-03-09,3510496.14
2023-03-08,3665549.68
2023-03-07,3861056.27
2023-03-06,4702607.83
2023-03-05,3120159.02
2023-03-04,3695467.75
2023-03-03,4325828.57
2023-03-02,4627587.44
2023-03-01,5194027.67
2023-02-28,9574850.21
2023-02-27,5425146.84
2023-02-26,3254272.29
2023-02-25,4144547.67
2023-02-24,3528279.93
2023-02-23,3674137.16
2023-02-22,3682263.06
2023-02-21,4498126.63
2023-02-20,4589722.08
2023-02-19,2707247.47
2023-02-18,3680495.55
2023-02-17,4282748.27
2023-02-16,5331526.86
2023-02-15,5213638.65
2023-02-14,3308508.34
2023-02-13,3997584.31
2023-02-12,2513308.67
2023-02-11,3759017.28
2023-02-10,4419832.05
2023-02-09,3458685.5
2023-02-08,3385640.22
2023-02-07,3502432.61
2023-02-06,4401904.17
2023-02-05,2937381.3
2023-02-04,3379823.8
2023-02-03,3916180.61
2023-02-02,4025640.71
2023-02-01,4689297.7
2023-01-31,5869213.68
2023-01-30,5036759.9
2023-01-29,2939842.78
2023-01-28,3889099.3
2023-01-27,4326962.34
2023-01-26,4597203.24
2023-01-25,4511935.24
2023-01-24,3664477.77
2023-01-23,4167287.09
2023-01-22,2484903.98
2023-01-21,3937242.36
2023-01-20,4074975.87
2023-01-19,3348709.8
2023-01-18,3789572.71
2023-01-17,4486321.75
2023-01-16,5071809.58
2023-01-15,3186418.74
2023-01-14,4138578.6
2023-01-13,4188233.94
2023-01-12,3632447.7
2023-01-11,3960201.87
2023-01-10,4575296.42
2023-01-09,3923906.13
2023-01-08,2579775.01
2023-01-07,3722755.41
2023-01-06,4339344.96
2023-01-05,3962062.68
2023-01-04,3810504.22
2023-01-03,4109776.66
2023-01-02,3598518.99
2023-01-01,940698.47
2022-12-31,2769082.18
2022-12-30,4623566.42
2022-12-29,4814378.79
2022-12-28,4274739.15
2022-12-27,4611816.19
2022-12-26,4751107.15
2022-12-25,1103941.03
2022-12-24,3641584.82
2022-12-23,4897195.99
2022-12-22,4236793
2022-12-21,4540183.42
2022-12-20,4368818.71
2022-12-19,4196709.46
2022-12-18,2712952.91
2022-12-17,4378324.59
2022-12-16,4766593.82
2022-12-15,4548205.35
2022-12-14,3260093.41
2022-12-13,3399475.27
2022-12-12,3577406.57
2022-12-11,2510904.24
2022-12-10,3541371.89
2022-12-09,3138576.51
2022-12-08,3143888.35
2022-12-07,3621061.75
2022-12-06,3729418.38
2022-12-05,4004338.35
2022-12-04,2520375.78
2022-12-03,3407912
2022-12-02,3890895.68
2022-12-01,4220696.96
2022-11-30,6109516.22
2022-11-29,4979565.87
2022-11-28,4738990.03
2022-11-27,2639418.94
2022-11-26,4397795.33
2022-11-25,4853021.17
2022-11-24,2766429.31
2022-11-23,3604122.7
2022-11-22,4052697.18
2022-11-21,4044200.92
2022-11-20,3097121.84
2022-11-19,3696458.32
2022-11-18,3548000.66
2022-11-17,4347194.31
2022-11-16,5041601.62
2022-11-15,4994785.78
2022-11-14,3781965.79
2022-11-13,2192217.55
2022-11-12,3135624.1
2022-11-11,4099678.92
2022-11-10,3695199.26
2022-11-09,3055442.03
2022-11-08,3458781.64
2022-11-07,3682307.21
2022-11-06,2581768.57
2022-11-05,3622638.21
2022-11-04,3357631.21
2022-11-03,3822337.03
2022-11-02,3832896.3
2022-11-01,1204771.98
2022-10-31,4172382.25
2022-10-30,3572824.73
2022-10-29,3608599.24
2022-10-28,4481665.46
2022-10-27,3879853.88
2022-10-26,3952704.27
2022-10-25,3475937.83
2022-10-24,3692557.62
2022-10-23,2584399.59
2022-10-22,2971607.5
2022-10-21,3942426.29
2022-10-20,3927224.02
2022-10-19,3444416.96
2022-10-18,3757816.44
2022-10-17,4146924.67
2022-10-16,2986312.08
2022-10-15,4656699.57
2022-10-14,4010371.33
2022-10-13,3059449.24
2022-10-12,3411249.37
2022-10-11,3786817.22
2022-10-10,4069173.13
2022-10-09,2366120.98
2022-10-08,3175288.31
2022-10-07,3647328.39
2022-10-06,3851432.62
2022-10-05,3868837.69
2022-10-04,3699255.95
2022-10-03,4001307.6
2022-10-02,3111973.31
2022-10-01,4649222.48
2022-09-30,6810582.2
2022-09-29,4107144.19
2022-09-28,4092699.93
2022-09-27,3913684.47
2022-09-26,4452915.86
2022-09-25,2497268.08
2022-09-24,3583633.95
2022-09-23,4052078.82
2022-09-22,3776604.51
2022-09-21,4514117.98
2022-09-20,4754308.81
2022-09-19,3390170.54
2022-09-18,1822933.27
2022-09-17,3601410.23
2022-09-16,4975826.9
2022-09-15,4859320.16
2022-09-14,3727593.25
2022-09-13,3293347.4
2022-09-12,4059837.42
2022-09-11,2535414.36
2022-09-10,3622911.3
2022-09-09,3533916.71
2022-09-08,3431209.43
2022-09-07,3568819.34
2022-09-06,4048556.77
2022-09-05,4156717.03
2022-09-04,2715602.76
2022-09-03,3373847.29
2022-09-02,3897155.55
2022-09-01,4256425.19
2022-08-31,5427492.21
2022-08-30,4343410.03
2022-08-29,3323641.28
2022-08-28,2889365.77
2022-08-27,4022521.78
2022-08-26,4573678.62
2022-08-25,4039520.43
2022-08-24,3539595.95
2022-08-23,3270824
2022-08-22,3861566.77
2022-08-21,2601946.81
2022-08-20,3499928.71
2022-08-19,3812217.15
2022-08-18,3626486.94
2022-08-17,4147242.11
2022-08-16,5168213.81
2022-08-15,4773664.55
2022-08-14,2185647.5
2022-08-13,3443668.29
2022-08-12,3745478
2022-08-11,3699204.57
2022-08-10,3740634.93
2022-08-09,3369372.66
2022-08-08,3582618.38
2022-08-07,2363720.86
2022-08-06,3929719.59
2022-08-05,3692761.69
2022-08-04,3350055.57
2022-08-03,3536451.16
2022-08-02,3909328.31
2022-08-01,4581449.51
2022-07-31,4120154.34
2022-07-30,4671722.53
2022-07-29,4372681.53
2022-07-28,3866814.71
2022-07-27,4024497.89
2022-07-26,4618090.94
2022-07-25,4862207.27
2022-07-24,2585604.3
2022-07-23,3528204.45
2022-07-22,4004028.39
2022-07-21,4236712.8
2022-07-20,4200652.52
2022-07-19,4221127.53
2022-07-18,4666711.46
2022-07-17,2944882.08
2022-07-16,4293409.5
2022-07-15,4772373.34
2022-07-14,3352413.45
2022-07-13,3316842.27
2022-07-12,3571926.42
2022-07-11,4219274.57
2022-07-10,2633298.74
2022-07-09,3491199.67
2022-07-08,3857258.86
2022-07-07,3593664.29
2022-07-06,3907261.83
2022-07-05,4382538.77
2022-07-04,4073368.77
2022-07-03,2848181.25
2022-07-02,3847869.39
2022-07-01,4809369.7
2022-06-30,7127800.43
2022-06-29,4095866.19
2022-06-28,4070921.84
2022-06-27,4478812.6
2022-06-26,2969440.68
2022-06-25,4215680.77
2022-06-24,3921122.24
2022-06-23,3898001.64
2022-06-22,4010328.87
2022-06-21,4465271.06
2022-06-20,4950305.62
2022-06-19,2528880.36
2022-06-18,3226737.07
2022-06-17,4313416.32
2022-06-16,4860324.47
2022-06-15,5035603.26
2022-06-14,3986283.37
2022-06-13,3778363.68
2022-06-12,2497954.63
2022-06-11,3674944.17
2022-06-10,4286777.36
2022-06-09,3275555.33
2022-06-08,3217912.95
2022-06-07,3680186.68
2022-06-06,4489055.21
2022-06-05,2875759.73
2022-06-04,3555910.47
2022-06-03,4018065.86
2022-06-02,4008925.37
2022-06-01,4698051.19
2022-05-31,5644811.01
2022-05-30,5687801.99
2022-05-29,1678599.13
2022-05-28,3831549.45
2022-05-27,4614126.71
2022-05-26,4516318.23
2022-05-25,4319081.9
2022-05-24,3797200.79
2022-05-23,4454288.6
2022-05-22,2642664.56
2022-05-21,3967505.08
2022-05-20,4188070.75
2022-05-19,3933948.49
2022-05-18,4201969.96
2022-05-17,4656818.58
2022-05-16,4848824.32
2022-05-15,3259931.89
2022-05-14,3892940.66
2022-05-13,4317717.19
2022-05-12,4331213.53
2022-05-11,4314182.37
2022-05-10,4891112.25
2022-05-09,1647877.17
2022-05-08,2557001.2
2022-05-07,3742808.36
2022-05-06,4145136.85
2022-05-05,4235928.24
2022-05-04,3832580.07
2022-05-03,3890336.22
2022-05-02,4801810.01
2022-05-01,3258219.1
2022-04-30,5999857.74
2022-04-29,4894737.91
2022-04-28,4327540.41
2022-04-27,4046150.07
2022-04-26,4906580.55
2022-04-25,4557885.43
2022-04-24,2433401.99
2022-04-23,3387376.91
2022-04-22,3820051.52
2022-04-21,4338079.88
2022-04-20,4224845.26
2022-04-19,4402032.36
2022-04-18,4493508.81
2022-04-17,2274503.18
2022-04-16,3105352.8
2022-04-15,1145551.82
2022-04-14,2336825.38
2022-04-13,4973147.29
2022-04-12,3987352.91
2022-04-11,4121878.05
2022-04-10,2521576.53
2022-04-09,3665945.33
2022-04-08,3356741.56
2022-04-07,3847818.88
2022-04-06,3810915.49
2022-04-05,3564845.46
2022-04-04,4344706.59
2022-04-03,2822679.36
2022-04-02,3587134.92
2022-04-01,4384520.63
2022-03-31,5583559.29
2022-03-30,4448698.73
2022-03-29,3885043.44
2022-03-28,4374305.21
2022-03-27,3109318.14
2022-03-26,4271388.87
2022-03-25,4302332.73
2022-03-24,3674313.95
2022-03-23,3409156.75
2022-03-22,4052582.33
2022-03-21,4418784.22
2022-03-20,2897307.99
2022-03-19,3386904.66
2022-03-18,3950949.86
2022-03-17,4197409.4
2022-03-16,4928495.14
2022-03-15,4821786.12
2022-03-14,4089467.76
2022-03-13,2257662.22
2022-03-12,3341850.71
2022-03-11,4105303.04
2022-03-10,3985544.22
2022-03-09,3372844.43
2022-03-08,4249507.92
2022-03-07,3898288.85
2022-03-06,2720895.53
2022-03-05,3834418.44
2022-03-04,4147204.56
2022-03-03,4228945.45
2022-03-02,4461286.27
2022-03-01,5550828.62
2022-02-28,8025965.21
2022-02-27,3508821.12
2022-02-26,4257517.26
2022-02-25,4765635.49
2022-02-24,4130398.38
2022-02-23,4020761.96
2022-02-22,3788695.82
2022-02-21,4536451.86
2022-02-20,2915627.65
2022-02-19,3273988.2
2022-02-18,3842130.34
2022-02-17,4282687.55
2022-02-16,4797962.35
2022-02-15,4470352.89
2022-02-14,3648105.04
2022-02-13,2115925.2
2022-02-12,3045536.35
2022-02-11,4277113.54
2022-02-10,3772779.08
2022-02-09,3405338.6
2022-02-08,3733600.44
2022-02-07,4219578.16
2022-02-06,2617327.56
2022-02-05,3789419.09
2022-02-04,3892437.1
2022-02-03,4007152.52
2022-02-02,4125110.81
2022-02-01,4143364.55
2022-01-31,4762630.36
2022-01-30,2696063.59
2022-01-29,3496738.06
2022-01-28,4107040.27
2022-01-27,4153863.86
2022-01-26,4502406.22
2022-01-25,4712089.72
2022-01-24,4248943.28
2022-01-23,1625965.13
2022-01-22,2134481.26
2022-01-21,3918128.88
2022-01-20,3969326.67
2022-01-19,3620532.44
2022-01-18,4363829.69
2022-01-17,4625663.92
2022-01-16,3025194.66
2022-01-15,4080028.58
2022-01-14,3940049.61
2022-01-13,3406540.49
2022-01-12,3414713.98
2022-01-11,4112887.94
2022-01-10,4236627.86
2022-01-09,2315975.62
2022-01-08,3119691.93
2022-01-07,3849272.77
2022-01-06,3753507.87
2022-01-05,4610272.43
2022-01-04,4021551.31
2022-01-03,5144129.77
2022-01-02,3054824.64
2022-01-01,781297.83
2021-12-31,2676609.83
2021-12-30,3537647.26
2021-12-29,4054635.41
2021-12-28,4265191.75
2021-12-27,4852611.98
2021-12-26,2992329.16
2021-12-25,867855.07
2021-12-24,3751248.01
2021-12-23,4118764.71
2021-12-22,3856319.09
2021-12-21,4313348.43
2021-12-20,3777986.55
2021-12-19,2170490.53
2021-12-18,3368596.27
2021-12-17,3503760.8
2021-12-16,4246842.88
2021-12-15,4109013.94
2021-12-14,4035402.04
2021-12-13,3229059.2
2021-12-12,2404723.91
2021-12-11,3568090.27
2021-12-10,3875744.86
2021-12-09,3039884.86
2021-12-08,2981966.69
2021-12-07,3571530.22
2021-12-06,3753845.5
2021-12-05,2929861.14
2021-12-04,3399334.94
2021-12-03,3478971.28
2021-12-02,3771781.44
2021-12-01,4276913.77
2021-11-30,4790626.75
2021-11-29,4730234.25
2021-11-28,2618553.44
2021-11-27,3540395.34
2021-11-26,4500844.11
2021-11-25,3983742.81
2021-11-24,3246481.69
2021-11-23,4079948.82
2021-11-22,3988767.45
2021-11-21,2667015.27
2021-11-20,3389544.83
2021-11-19,3213932.76
2021-11-18,3926110.66
2021-11-17,4143852.25
2021-11-16,4382945.27
2021-11-15,4015623.92
2021-11-14,2311926.66
2021-11-13,3213553.7
2021-11-12,3599139.35
2021-11-11,3543521.09
2021-11-10,3589914.11
2021-11-09,3034473.2
2021-11-08,3601301.77
2021-11-07,2314872.78
2021-11-06,3110813.84
2021-11-05,4008366.21
2021-11-04,3718471.56
2021-11-03,4032566.86
2021-11-02,4063598.83
2021-11-01,1359279.57
2021-10-31,2837861.37
2021-10-30,4272905.72
2021-10-29,3979660.78
2021-10-28,3764371.96
2021-10-27,3320294.6
2021-10-26,4405136.19
2021-10-25,2687438.01
2021-10-24,3091530.97
2021-10-23,2867182.35
2021-10-22,3282259.46
2021-10-21,3550958.42
2021-10-20,4065984.71
2021-10-19,3667806.95
2021-10-18,2596668.19
2021-10-17,3197157.37
2021-10-16,4641732.67
2021-10-15,3737471.79
2021-10-14,3387230.26
2021-10-13,2981639.14
2021-10-12,2844456.59
2021-10-11,2082908.66
2021-10-10,3159168.9
2021-10-09,4076970.15
2021-10-08,3412998.61
2021-10-07,3258376.55
2021-10-06,3550166.89
2021-10-05,4097536.48
2021-10-04,2127481.05
2021-10-03,2830706.08
2021-10-02,4489568.81
2021-10-01,4107161.6
2021-09-30,5147612.49
2021-09-29,3785074.15
2021-09-28,2498335.88
2021-09-27,2274802.53
2021-09-26,4389194.12
2021-09-25,4815000.09
2021-09-24,3539172.82
2021-09-23,3224487.73
2021-09-22,3203064.8
2021-09-21,3531240.68
2021-09-20,2335940.37
2021-09-19,2724379.99
2021-09-18,4204884.36
2021-09-17,3808385.73
2021-09-16,3919530.62
2021-09-15,3387489.65
2021-09-14,3278236.65
2021-09-13,2073519.98
2021-09-12,2339451.36
2021-09-11,3691055.43
2021-09-10,3268654.71
2021-09-09,3301297.66
2021-09-08,2997255.38
2021-09-07,2777180.09
2021-09-06,2119655.36
2021-09-05,2953337.22
2021-09-04,4298626.39
2021-09-03,3236206.24
2021-09-02,3583324.75
2021-09-01,3937328.99
2021-08-31,4275771.27
2021-08-30,1882089.43
2021-08-29,2559562.05
2021-08-28,4049898.17
2021-08-27,3569882.09
2021-08-26,3534085.94
2021-08-25,3959429.7
2021-08-24,3728773.93
2021-08-23,2139533.42
2021-08-22,3002887.99
2021-08-21,4193640.58
2021-08-20,3245271.37
2021-08-19,3075838.24
2021-08-18,3273559.77
2021-08-17,3458603.03
2021-08-16,2578321.16
2021-08-15,2532310.63
2021-08-14,5103673.61
2021-08-13,3261766.62
2021-08-12,3342864.06
2021-08-11,3343425.5
2021-08-10,3341359.23
2021-08-09,2013801.83
2021-08-08,2520570.83
2021-08-07,4074048.54
2021-08-06,3210050.38
2021-08-05,3645348.8
2021-08-04,3423316.96
2021-08-03,3319313.75
2021-08-02,3819470.33
2021-08-01,3676651.42
2021-07-31,3760699.32
2021-07-30,4169479.92
2021-07-29,3642264.1
2021-07-28,3414963.96
2021-07-27,3735895.06
2021-07-26,2354585.38
2021-07-25,3232481.31
2021-07-24,4805726.19
2021-07-23,3113252.44
2021-07-22,3578375.24
2021-07-21,3356500.99
2021-07-20,3372492.32
2021-07-19,1898975.05
2021-07-18,3582217.41
2021-07-17,4683707.43
2021-07-16,4361517.24
2021-07-15,3981007.86
2021-07-14,3094663.21
2021-07-13,3238995.45
2021-07-12,1791323.25
2021-07-11,2930696.81
2021-07-10,4166855.27
2021-07-09,3670782.23
2021-07-08,3408414.18
2021-07-07,3349724.93
2021-07-06,3364906.81
2021-07-05,2251597.58
2021-07-04,3164531.61
2021-07-03,4411481.18
2021-07-02,3404262.91
2021-07-01,4361563.2
2021-06-30,5308893.12
2021-06-29,4471907.11
2021-06-28,2224491.91
2021-06-27,3169009.18
2021-06-26,5273129.49
2021-06-25,4014066.86
2021-06-24,3551955.48
2021-06-23,3577408.68
2021-06-22,3375599.12
2021-06-21,1969333.99
2021-06-20,3058613.07
2021-06-19,4714355.74
2021-06-18,3588643.84
2021-06-17,3913810.62
2021-06-16,4099359.81
2021-06-15,4036181.57
2021-06-14,1736651.12
2021-06-13,2605394.85
2021-06-12,4559530.95
2021-06-11,3393716.98
2021-06-10,3695788.61
2021-06-09,2987184.78
2021-06-08,3141640.11
2021-06-07,3505361.64
2021-06-06,2842739.35
2021-06-05,3222062.52
2021-06-04,3436219.07
2021-06-03,3594703.44
2021-06-02,3694423.17
2021-06-01,3834711.94
2021-05-31,4641780.9
2021-05-30,3531917.07
2021-05-29,3104079.55
2021-05-28,3510110.38
2021-05-27,3779487.93
2021-05-26,4222853.04
2021-05-25,4474880.79
2021-05-24,4016139.94
2021-05-23,3008485.8
2021-05-22,3435999.54
2021-05-21,3677407.68
2021-05-20,3653769.32
2021-05-19,3828321.51
2021-05-18,3842443
2021-05-17,2260376.24
2021-05-16,3420805.82
2021-05-15,5790997.3
2021-05-14,3484814.22
2021-05-13,3125757.99
2021-05-12,2857166.66
2021-05-11,4007581.27
2021-05-10,1790818.83
2021-05-09,2981030.1
2021-05-08,4383421.63
2021-05-07,2835515.58
2021-05-06,3351060.12
2021-05-05,3756617.68
2021-05-04,3801307.28
2021-05-03,2222108.89
2021-05-02,3385923.08
2021-05-01,5720173.38
2021-04-30,5275332.13
2021-04-29,4441236.41
2021-04-28,3898621.79
2021-04-27,3871824.81
2021-04-26,2059745.06
2021-04-25,3398430.41
2021-04-24,4783801.44
2021-04-23,3616792.43
2021-04-22,3522971.37
2021-04-21,3731387.75
2021-04-20,3861804.61
2021-04-19,1729597.52
2021-04-18,3059675.01
2021-04-17,5117158.31
2021-04-16,3869337.36
2021-04-15,4009036.34
2021-04-14,3599896.33
2021-04-13,2916577.71
2021-04-12,3393333.36
2021-04-11,2836132.22
2021-04-10,2684013.43
2021-04-09,2978672.53
2021-04-08,3305409.58
2021-04-07,3606108.83
2021-04-06,3741305.2
2021-04-05,2106804.88
2021-04-04,3132147.04
2021-04-03,4327522.98
2021-04-02,1723842.87
2021-04-01,1349791
2021-03-31,3794648.47
2021-03-30,4060369.36
2021-03-29,1774450.21
2021-03-28,3272207.93
2021-03-27,4974234.27
2021-03-26,3875546.32
2021-03-25,3863977.08
2021-03-24,3480471.38
2021-03-23,3502992.5
2021-03-22,3748000.47
2021-03-21,3191896.52
2021-03-20,3029654.79
2021-03-19,3881070.45
2021-03-18,3655719.34
2021-03-17,3718800.62
2021-03-16,4484147.05
2021-03-15,2175931.42
2021-03-14,3077888.07
2021-03-13,5162389.56
2021-03-12,3482734.32
2021-03-11,3687225.6
2021-03-10,3556574.92
2021-03-09,3495237
2021-03-08,4083035.3
2021-03-07,2716712.18
2021-03-06,3135085.19
2021-03-05,3691826.93
2021-03-04,3845458.6
2021-03-03,4315234.87
2021-03-02,4083106.72
2021-03-01,2471899.39
2021-02-28,5254206.04
2021-02-27,7971598.88
2021-02-26,5203377.95
2021-02-25,4668537.04
2021-02-24,3850405.8
2021-02-23,3625309.78
2021-02-22,2176241.92
2021-02-21,3331116.87
2021-02-20,5167089.99
2021-02-19,3941520.22
2021-02-18,3626475.99
2021-02-17,3899260.23
2021-02-16,4862397
2021-02-15,1900939.14
2021-02-14,3107827.58
2021-02-13,4720674.2
2021-02-12,3105805.32
2021-02-11,3549802.59
2021-02-10,3778594.21
2021-02-09,3610441.77
2021-02-08,3900090.74
2021-02-07,2820559.08
2021-02-06,2673113.47
2021-02-05,3592146.12
2021-02-04,3804531.97
2021-02-03,3775956.26
2021-02-02,3946839.68
2021-02-01,2090861.04
2021-01-31,3935815.71
2021-01-30,6085477.69
2021-01-29,4082963.85
2021-01-28,4070149.92
2021-01-27,4722981.51
2021-01-26,5332160.9
2021-01-25,1492141.81
2021-01-24,3074185.52
2021-01-23,5835614.7
2021-01-22,3880255.42
2021-01-21,3534973.93
2021-01-20,3463498.78
2021-01-19,4067997.37
2021-01-18,2301250.62
2021-01-17,3644038.75
2021-01-16,5656570.95
2021-01-15,4284579.74
2021-01-14,3960050.16
2021-01-13,3657091.24
2021-01-12,3690462.15
2021-01-11,2082239.82
2021-01-10,3468065.67
2021-01-09,5420712.98
2021-01-08,3741318.81
2021-01-07,4261065.97
2021-01-06,3973350.95
2021-01-05,4346535.19
2021-01-04,2122135.22
2021-01-03,5060436.91
2021-01-02,4467308.11
2021-01-01,2089693.04
2020-12-31,1597372.24
2020-12-30,3684784.07
2020-12-29,3108873.82
2020-12-28,4540739.57
2020-12-27,5695513.78
2020-12-26,3362831.42
2020-12-25,2731038.61
2020-12-24,1858878.49
2020-12-23,4037686.12
2020-12-22,4250432.88
2020-12-21,2008890.21
2020-12-20,3529525.54
2020-12-19,5600579.93
2020-12-18,3461766.08
2020-12-17,5925055.41
2020-12-16,4876810.25
2020-12-15,4944689.21
2020-12-14,1444619.37
2020-12-13,3034505.09
2020-12-12,5211603.3
2020-12-11,5371797.14
2020-12-10,3661982.04
2020-12-09,3214726.96
2020-12-08,2932903.05
2020-12-07,1814414.52
2020-12-06,2806432.34
2020-12-05,4486188.04
2020-12-04,3381366.58
2020-12-03,3492836.51
2020-12-02,3676976.59
2020-12-01,4294164.15
2020-11-30,2913449.46
2020-11-29,4535193.67
2020-11-28,6625128.47
2020-11-27,5584746.13
2020-11-26,4810562.61
2020-11-25,4033301.14
2020-11-24,4023251.96
2020-11-23,1748496.65
2020-11-22,2982513.34
2020-11-21,5004689.61
2020-11-20,3514160.14
2020-11-19,3422271.67
2020-11-18,3837047.21
2020-11-17,3741844.69
2020-11-16,1870744.1
2020-11-15,3178099.2
2020-11-14,5103937.86
2020-11-13,3105360.92
2020-11-12,2432004.71
2020-11-11,2538411.29
2020-11-10,4032328.91
2020-11-09,1567458.16
2020-11-08,2481502.14
2020-11-07,4284708.77
2020-11-06,3444867.5
2020-11-05,3436221.61
2020-11-04,3562823.88
2020-11-03,4136171.92
2020-11-02,1609476.03
2020-11-01,1990505.62
2020-10-31,5414348.12
2020-10-30,4146583.65
2020-10-29,3838521.59
2020-10-28,4029943.23
2020-10-27,4143247.62
2020-10-26,2355228.17
2020-10-25,3331265.39
2020-10-24,5482305.65
2020-10-23,3577228.42
2020-10-22,3693854.78
2020-10-21,3760920.53
2020-10-20,3855492.27
2020-10-19,1762710.02
2020-10-18,3387511.95
2020-10-17,4881252.2
2020-10-16,6933415.62
2020-10-15,4041550.43
2020-10-14,3186137.65
2020-10-13,3205596.63
2020-10-12,2143418.59
2020-10-11,2745222.72
2020-10-10,4431891.67
2020-10-09,3331831.78
2020-10-08,3500632.02
2020-10-07,3226526.52
2020-10-06,3634028.96
2020-10-05,1963509.78
2020-10-04,2899935.31
2020-10-03,4756341.92
2020-10-02,3736978.73
2020-10-01,4441522.42
2020-09-30,4914412.15
2020-09-29,5104020.21
2020-09-28,2327445.27
2020-09-27,3477281.47
2020-09-26,5403855.64
2020-09-25,3727226.36
2020-09-24,3494591.39
2020-09-23,3241802.62
2020-09-22,3606469.8
2020-09-21,1479832.24
2020-09-20,2567734.16
2020-09-19,4401229.91
2020-09-18,2901702.77
2020-09-17,3191393.06
2020-09-16,4913804.88
2020-09-15,5554891.58
2020-09-14,2050408.06
2020-09-13,3005383.23
2020-09-12,5501749.17
2020-09-11,3564003.01
2020-09-10,3686981.46
2020-09-09,3099775.14
2020-09-08,3225004.03
2020-09-07,1541894.99
2020-09-06,2507461.02
2020-09-05,4491339.53
2020-09-04,2958507.46
2020-09-03,3217831.92
2020-09-02,3759906.34
2020-09-01,3480291.11
2020-08-31,1711916.9
2020-08-30,2553924.57
2020-08-29,5103494.17
2020-08-28,3719700.15
2020-08-27,3869143.22
2020-08-26,3662731.12
2020-08-25,3968544.7
2020-08-24,1579167.72
2020-08-23,2430441.78
2020-08-22,4574377.81
2020-08-21,3058240.14
2020-08-20,3083679.32
2020-08-19,2918368.01
2020-08-18,1410809
2020-08-17,3595190.33
2020-08-16,4071708.8
2020-08-15,2700058.47
2020-08-14,2966046
2020-08-13,2761656.49
2020-08-12,2897646.16
2020-08-11,2960041.76
2020-08-10,1518721.19
2020-08-09,2129990.25
2020-08-08,3813816.47
2020-08-07,2943906.39
2020-08-06,5130055.54
2020-08-05,2798884.23
2020-08-04,2783714.63
2020-08-03,1603040.35
2020-08-02,2374276.99
2020-08-01,3922220.78
2020-07-31,2952870.48
2020-07-30,3870846.26
2020-07-29,2753876.5
2020-07-28,2887181.3
2020-07-27,1772250.33
2020-07-26,2945126.29
2020-07-25,5825375.93
2020-07-24,1362320.22
2020-07-23,2849364
2020-07-22,2752913.04
2020-07-21,2748230.65
2020-07-20,1626187.69
2020-07-19,2247683.01
2020-07-18,3665014.09
2020-07-17,2898284.72
2020-07-16,3248788.91
2020-07-15,2989333.76
2020-07-14,2671714.46
2020-07-13,1403311.13
2020-07-12,1888697.93
2020-07-11,3268519.07
2020-07-10,2562552.69
2020-07-09,2539001.48
2020-07-08,2510126.7
2020-07-07,2534491.99
2020-07-06,1722058.93
2020-07-05,2073778.46
2020-07-04,3278806.06
2020-07-03,2432679.96
2020-07-02,2642553.27
2020-07-01,3134134.9
2020-06-30,4097973.13
2020-06-29,2005563.51
2020-06-28,2195217.15
2020-06-27,3866603.04
2020-06-26,3190762.9
2020-06-25,3185668.25
2020-06-24,2794105.98
2020-06-23,2964799.36
2020-06-22,1871792.78
2020-06-21,1869014
2020-06-20,3199036.77
2020-06-19,2286280.75
2020-06-18,2590834.33
2020-06-17,2541992.81
2020-06-16,3014799.62
2020-06-15,1892050.7
2020-06-14,1511948.85
2020-06-13,3251291.3
2020-06-12,1580189.44
2020-06-11,2377999.35
2020-06-10,2434113.63
2020-06-09,2525428.74
2020-06-08,2180011.4
2020-06-07,1296442.16
2020-06-06,2868812.86
2020-06-05,2753534.96
2020-06-04,2965171.81
2020-06-03,3003400.89
2020-06-02,3231987.28
2020-06-01,1866172.33
2020-05-31,1432929.67
2020-05-30,3760740.99
2020-05-29,2427240.03
2020-05-28,2642762.42
2020-05-27,2538383.86
2020-05-26,2287983.61
2020-05-25,1521655.07
2020-05-24,1283858.5
2020-05-23,2087637.66
2020-05-22,2380806.66
2020-05-21,2835472.46
2020-05-20,2817432.85
2020-05-19,3312493.18
2020-05-18,2502222.56
2020-05-17,1299945.9
2020-05-16,2624729.48
2020-05-15,1904688.18
2020-05-14,2276192.61
2020-05-13,2432949.48
2020-05-12,2389420.13
2020-05-11,963389
2020-05-10,1019113.51
2020-05-09,1864492.7
2020-05-08,1832509.67
2020-05-07,2162871
2020-05-06,2446850.02
2020-05-05,2133482.84
2020-05-04,1700282.5
2020-05-03,1108666.5
2020-05-02,1941827.46
2020-05-01,1120340.6
2020-04-30,926636.39
2020-04-29,730048.58
2020-04-28,638060
2020-04-27,190042
2020-04-26,520780.56
2020-04-25,978469.14
2020-04-24,534514.1
2020-04-23,535420
2020-04-22,726407.05
2020-04-21,558631.41
2020-04-20,225203
2020-04-19,382981
2020-04-18,730214.41
2020-04-17,574377.58
2020-04-16,730401.01
2020-04-15,727073.75
2020-04-14,791763.11
2020-04-13,276758
2020-04-12,332066.21
2020-04-11,743161.26
2020-04-10,199709
2020-04-09,46290
2020-04-08,413982.52
2020-04-07,587240
2020-04-06,238679.77
2020-04-05,335488.17
2020-04-04,677842.31
2020-04-03,560231.08
2020-04-02,751389
2020-04-01,558824
2020-03-31,373608
2020-03-30,91796
2020-03-29,217982
2020-03-28,677102.04
2020-03-27,416184.07
2020-03-26,684236.76
2020-03-25,639790.7
2020-03-24,586131
2020-03-23,353888
2020-03-22,502482.95
2020-03-21,1069144.67
2020-03-20,966156.52
2020-03-19,1053492.6
2020-03-18,1193142.32
2020-03-17,1737267.6
2020-03-16,1892301.71
2020-03-15,1568139.27
2020-03-14,2926026.07
2020-03-13,2401212.93
2020-03-12,2490370.99
2020-03-11,2299615.01
2020-03-10,2680473.39
2020-03-09,1711142.52
2020-03-08,1494450.41
2020-03-07,2908954.55
2020-03-06,2927752.03
2020-03-05,3029799.53
2020-03-04,2744736.36
2020-03-03,2601373.7
2020-03-02,1614698.93
2020-03-01,1990135.09
2020-02-29,3999190.71
2020-02-28,4452796.68
2020-02-27,3540101.08
2020-02-26,3756709.23
2020-02-25,1895562
2020-02-24,3289416.59
2020-02-23,1602560.88
2020-02-22,1713866
2020-02-21,2548151.74
2020-02-20,3168823.78
2020-02-19,3035913.1
2020-02-18,2842479.65
2020-02-17,1999278
2020-02-16,1629848
2020-02-15,2826785.35
2020-02-14,2464339.3
2020-02-13,2306560.07
2020-02-12,1976953.36
2020-02-11,2500965.5
2020-02-10,1963399.18
2020-02-09,1324946.78
2020-02-08,2571860.5
2020-02-07,2403104.31
2020-02-06,2527979.49
2020-02-05,2407032
2020-02-04,2489700.12
2020-02-03,2027883.22
2020-02-02,1759141.22
2020-02-01,2954040.14
2020-01-31,3854347.42
2020-01-30,2145653.12
2020-01-29,2477084.13
2020-01-28,2633235.96
2020-01-27,2224564.96
2020-01-26,1510767.79
2020-01-25,2832104.04
2020-01-24,1989199.49
2020-01-23,2657072.75
2020-01-22,2883775.39
2020-01-21,3259606.39
2020-01-20,3193598.19
2020-01-19,1403680.93
2020-01-18,1796158.67
2020-01-17,2500751.5
2020-01-16,4060648.57
2020-01-15,1808541.78
2020-01-14,2069130.72
2020-01-13,1486921
2020-01-12,1252470.12
2020-01-11,2309634.43
2020-01-10,2497253.7
2020-01-09,2719006.09
2020-01-08,2162529.52
2020-01-07,2612417.48
2020-01-06,3116816.56
2020-01-05,1062177.04
2020-01-04,2331210.35
2020-01-03,3082900.65
2020-01-02,2747836.57
2020-01-01,151793
2019-12-31,1466858.32
2019-12-30,1227297
2019-12-29,1058532.01
2019-12-28,3110548.09
2019-12-27,2956755.62
2019-12-26,2808329.42
2019-12-25,266404
2019-12-24,1173662.16
2019-12-23,3252624.48
2019-12-22,1015935
2019-12-21,2052203
2019-12-20,2862764.43
2019-12-19,1976783.35
2019-12-18,2665601.4
2019-12-17,3085611.24
2019-12-16,2744966.5
2019-12-15,1211452.21
2019-12-14,1737942.84
2019-12-13,2241847.39
2019-12-12,2347437.75
2019-12-11,1501014.33
2019-12-10,2593682.42
2019-12-09,1287779.05
2019-12-08,1200814.11
2019-12-07,2318920.42
2019-12-06,2346066.13
2019-12-05,1832583.89
2019-12-04,2328625.55
2019-12-03,2290732.54
2019-12-02,1818634.12
2019-12-01,1459905
2019-11-30,3219112.08
2019-11-29,2799703.2
2019-11-28,2807442.59
2019-11-27,2205329.92
2019-11-26,2409976.29
2019-11-25,1682020.85
2019-11-24,1326374.49
2019-11-23,2149980.84
2019-11-22,2481399.05
2019-11-21,2319570.81
2019-11-20,2303725.48
2019-11-19,2167070.21
2019-11-18,1993583.36
2019-11-17,1415266.76
2019-11-16,2955100.94
2019-11-15,2340474.89
2019-11-14,1904142.38
2019-11-13,1963809.69
2019-11-12,1795271.72
2019-11-11,1825703.53
2019-11-10,1129136.53
2019-11-09,2294619.06
2019-11-08,1770500.44
2019-11-07,1723740.92
2019-11-06,2093468.5
2019-11-05,2641188.42
2019-11-04,1929774.86
2019-11-03,1398804.96
2019-11-02,1801037.18
2019-11-01,1386138.78
2019-10-31,1479908.35
2019-10-30,2792234.81
2019-10-29,2070642.63
2019-10-28,1669682.31
2019-10-27,855557.83
2019-10-26,2231408.08
2019-10-25,1799336.88
2019-10-24,1693913.74
2019-10-23,1969315.49
2019-10-22,2068522.37
2019-10-21,1602661.61
2019-10-20,1141343.95
2019-10-19,2125516.55
2019-10-18,2131425.77
2019-10-17,2665221.09
2019-10-16,2150185.13
2019-10-15,2282163.57
2019-10-14,1665574.43
2019-10-13,935000.42
2019-10-12,2158445.76
2019-10-11,1954172.48
2019-10-10,1867925.37
2019-10-09,1751206.93
2019-10-08,2042882.35
2019-10-07,1705176.81
2019-10-06,1143132.52
2019-10-05,2094202.33
2019-10-04,2123698.75
2019-10-03,2208444.52
2019-10-02,1980492.16
2019-10-01,2596722.75
2019-09-30,2378638.78
2019-09-29,948654.82
2019-09-28,2203814.29
2019-09-27,1719816.14
2019-09-26,1950069.58
2019-09-25,2078033.44
2019-09-24,2020005.33
2019-09-23,2011427.67
2019-09-22,1216375.06
2019-09-21,2229077.49
2019-09-20,1974769.48
2019-09-19,2166798.89
2019-09-18,2131043.33
2019-09-17,2632546.46
2019-09-16,2727255.65
2019-09-15,1422055.95
2019-09-14,1009850
2019-09-13,1928957.12
2019-09-12,2172706.93
2019-09-11,2293485.25
2019-09-10,2234622.24
2019-09-09,1201424.01
2019-09-08,934712.8
2019-09-07,2209337.75
2019-09-06,2034596.53
2019-09-05,1945037.39
2019-09-04,2181587.92
2019-09-03,2174721.18
2019-09-02,2006715.43
2019-09-01,1228308
2019-08-31,3209283.85
2019-08-30,2067968.34
2019-08-29,1883730
2019-08-28,1717743.76
2019-08-27,2339288.49
2019-08-26,651845.49
2019-08-25,885762
2019-08-24,2338579.51
2019-08-23,2055900.65
2019-08-22,2298345.26
2019-08-21,1720827.06
2019-08-20,1775390.92
2019-08-19,1437550.97
2019-08-18,967919.9
2019-08-17,2168979.63
2019-08-16,2179730.21
2019-08-15,1764307.28
2019-08-14,1578490.92
2019-08-13,2042022.07
2019-08-12,598001.1
2019-08-11,756289
2019-08-10,2325127.57
2019-08-09,2050936.11
2019-08-08,1680080.47
2019-08-07,1773421.74
2019-08-06,2066808.25
2019-08-05,1493587
2019-08-04,1121780.89
2019-08-03,2085791.26
2019-08-02,1922366.86
2019-08-01,1601092.79
2019-07-31,3192789.73
2019-07-30,1957705.84
2019-07-29,1431551.92
2019-07-28,883181.91
2019-07-27,2061798.62
2019-07-26,1600074.61
2019-07-25,1627060.69
2019-07-24,1605670.09
2019-07-23,2110204.62
2019-07-22,1642218.51
2019-07-21,852656.77
2019-07-20,2030826.75
2019-07-19,1928784.7
2019-07-18,1499772.45
2019-07-17,1982425.38
2019-07-16,2042896.89
2019-07-15,1576070.49
2019-07-14,936849
2019-07-13,2175551.78
2019-07-12,1399844.72
2019-07-11,1916534.76
2019-07-10,1701510.24
2019-07-09,1483818.84
2019-07-08,2610959.49
2019-07-07,925282.06
2019-07-06,2195665.73
2019-07-05,5354975.39
2019-07-04,3993520.9
2019-07-03,4118582.02
2019-07-02,5145487.74
2019-07-01,592241.03
2019-06-30,3266908.92
2019-06-29,15715430.49
2019-06-28,7805696.01
2019-06-27,6141991.21
2019-06-26,8977192.02
2019-06-25,4175138.79
2019-06-24,4575328.26
2019-06-23,1648037.16
2019-06-22,2881385.04
2019-06-21,4759566.87
2019-06-20,4492727.49
2019-06-19,5719900.24
2019-06-18,4611979.86
2019-06-17,3565243.68
2019-06-16,430723.24
2019-06-15,5914361.57
2019-06-14,4616902.6
2019-06-13,8251302.41
2019-06-12,1026688.75
2019-06-11,4448727.44
2019-06-10,5034053.22
2019-06-09,1636670.4
2019-06-08,2254639.85
2019-06-07,5274780.13
2019-06-06,2927758.46
2019-06-05,1796517.04
2019-06-04,3549895.29
2019-06-03,3241783.8
2019-06-02,1383307.28
2019-06-01,1153774.66
2019-05-31,15042449.79
2019-05-30,4816860.31
2019-05-29,3891396.41
2019-05-28,3731974.61
2019-05-27,4911060.39
2019-05-26,1775780.26
2019-05-25,2364859.78
2019-05-24,5990146.58
2019-05-23,4741000.22
2019-05-22,5342967.4
2019-05-21,4092290.81
2019-05-20,4065341.41
2019-05-19,1474920.74
2019-05-18,3061892.58
2019-05-17,4567317.63
2019-05-16,5046800.3
2019-05-15,5626988.19
2019-05-14,4874503.05
2019-05-13,279753
2019-05-12,1013110
2019-05-11,3555090.46
2019-05-10,3238466.7
2019-05-09,3793525.25
2019-05-08,3879110.79
2019-05-07,4144434.1
2019-05-06,3540780.67
2019-05-05,1324093.24
2019-05-04,3022574.86
2019-05-03,4022860.03
2019-05-02,4048853.54
2019-05-01,1805120.42
2019-04-30,10208861.87
2019-04-29,4747249.32
2019-04-28,709704.2
2019-04-27,3921058.63
2019-04-26,4420050.9
2019-04-25,3856565.48
2019-04-24,3499004.52
2019-04-23,3650318.38
2019-04-22,2948008.66
2019-04-21,652180.08
2019-04-20,1164835.66
2019-04-19,210568
2019-04-18,241926.92
2019-04-17,4611890.9
2019-04-16,3065480.44
2019-04-15,3327436.25
2019-04-14,647900.68
2019-04-13,4381942.03
2019-04-12,3756737.67
2019-04-11,2641707.62
2019-04-10,3298877.64
2019-04-09,549344.65
2019-04-08,3602976.55
2019-04-07,589752.17
2019-04-06,1257005.14
2019-04-05,2566285.94
2019-04-04,2431291.05
2019-04-03,2046768.56
2019-04-02,4549816.9
2019-04-01,2918403.7
2019-03-31,282998.4
2019-03-30,3451862.36
2019-03-29,5104908.19
2019-03-28,2988074.97
2019-03-27,5408829.3
2019-03-26,3345555.6
2019-03-25,5982080.52
2019-03-24,257408.61
2019-03-23,1398055.87
2019-03-22,2302087.03
2019-03-21,2437873.66
2019-03-20,1126981.38
2019-03-19,1774039.73
2019-03-18,3164132.43
2019-03-17,297616
2019-03-16,1987784.53
2019-03-15,2352566.5
2019-03-14,2844598.97
2019-03-13,2075401.45
2019-03-12,1444438.1
2019-03-11,3900942.55
2019-03-10,135872
2019-03-09,1475427.2
2019-03-08,2877848.63
2019-03-07,3444034.42
2019-03-06,2834706.48
2019-03-05,3136150.81
2019-03-04,3396617.29
2019-03-03,97203
2019-03-02,1246726.22
2019-03-01,2175291.73
2019-02-28,7780780.39
2019-02-27,3555248.3
2019-02-26,3617392.29
2019-02-25,918061.1
2019-02-24,4761
2019-02-23,1042386.56
2019-02-22,1909882.64
2019-02-21,1688741.28
2019-02-20,3509923.1
2019-02-19,2938131.2
2019-02-18,4110410.67
2019-02-17,4172
2019-02-16,1221464.25
2019-02-15,2985114.6
2019-02-14,2223779.13
2019-02-13,2859010.97
2019-02-12,1686802.07
2019-02-11,3280509.13
2019-02-09,678101.67
2019-02-08,2105493.68
2019-02-07,3123001.33
2019-02-06,3146383.86
2019-02-05,1394911.67
2019-02-04,2932034.05
2019-02-02,1216241.38
2019-02-01,1755041.63
2019-01-31,6239703.87
2019-01-30,2888401.5
2019-01-29,2841405.73
2019-01-28,1454471.61
2019-01-26,414659.66
2019-01-25,870868.86
2019-01-24,1479807.15
2019-01-23,2569822.09
2019-01-22,2508418
2019-01-21,3237435.26
2019-01-19,401542.04
2019-01-18,1698458.18
2019-01-17,2765381.28
2019-01-16,2001286.76
2019-01-15,2088184.84
2019-01-14,2406147.96
2019-01-12,928073.34
2019-01-11,2089363.21
2019-01-10,2003985.11
2019-01-09,1467767.34
2019-01-08,1863731.81
2019-01-07,2396973.94
2019-01-05,746741.84
2019-01-04,3649825.43
2019-01-03,2294681.6
2019-01-02,2280300.95
2018-12-31,223620.38
2018-12-29,900213.54
2018-12-28,1408319.21
2018-12-27,1909118.64
2018-12-26,963960.29
2018-12-24,165030
2018-12-22,592165.7
2018-12-21,974419.13
2018-12-20,528981.24
2018-12-19,847148.23
2018-12-18,1035194.2
2018-12-17,907906.04
2018-12-15,473035.93
2018-12-14,427386.17
2018-12-13,1166568.08
2018-12-12,559358.99
2018-12-11,660873.48
2018-12-10,948793.5
2018-12-08,168583
2018-12-07,1070793.96
2018-12-06,625980.53
2018-12-05,983738.4
2018-12-04,833159.15
2018-12-03,1013532.53
2018-12-01,149918
